name,helpful,comment
나,0,이거 지혼자 삭제되는데?
나,0,요즘 한달여간 상대방 톡이 오지도 않고 내가 보낸 톡도 상대가 읽었는데 안읽었는데 것으로 나오고 오류 작렬
나,0,왜 로그인 가입 둘다 안되나요? 계속 인증도 안된다고 하고
나,0,요즘 전송 실패가 잦아요 그리구 메시지 왔다는 알림은 오는데 실제 메시지를 받는건 30초~1분 더 걸려요..전에는 이런적 없었는데 요즘 왜이러나용 저만 그런가요..?
나,0,모르고 지웠으면 아이디 저장됬던거 싹다 지워짐 정말 불편함... ㅡㅡ
나,0,도대체 피드 검색기능을 왜 없앤건지 이해 안감 ㅋㅋ
나,9,s21로 바꾸고 화면 꺼짐 상태에서 문자 알림이 화면에 뜨질 않습니다. 진동만 되고요. 알림 껏다 키고 새로 깔고를 5번 반복했는데 카톡 문자는 다 되는데 라인만 안됩니다.
나,0,왜 로그아웃이 없죠?
나,1,아니근데 이거첨에 전화인즘 메세지 안와서 계속 누르다 인증 실패 너무 많이 해서 좀따 하라는데 언제 풀리나요..?
나,16,"쓰레기같이 메신저가 느려터짐. 업무용이나 비상용으로는 최악의 어플. 차라리 위챗, 왓츠앱이나 텔레그램 쓰는게 훨씬 안전하다. 라인으로 연락했다 딜레이걸리는 바람에 사고터져서 손해배상청구소송하고싶을정도. 절대 업무용으로 쓰지마세요"
나,14,저기요 이고양님 믿지 마세요 별로 좋지도 않고 가끔은 끊어져요 친구가 오해하고 절교하자고 했음 이 앱 정말 추천 ㄴㄴ 구지 설치 하려면 라인 말고 카톡 추천드려요.제가 부계정에다3g 태블릿이어서도 있겠지만 이건 도를 넘네요 별 1도 주기 싫어요
나,0,이메일좀 보내주세요 로그인좀하게....... ㅠㅠ
나,0,안 조아여
나,0,중국인들 개많 ㅡㅡ
나,0,비번 왜 안찾아짐? 폰 계정으로 본인확인햐면 되게끔 만들어줘야지 ; 번거롭네 ㅡㅡ
나,0,아니 해시태그 기능 왜 없어졌어요?
나,0,혹시 비밀번호말고 지문으로 여는건 안되는건가요...되게 불편하네요...
나,0,인증이 안되요
나,16,아니 비밀번호 잊어버려서 비밀번호찾기 했는데 이메일이 안와서 계정 이전 들어가서 이메일 쳐봤는데 없는이메일 이레요 ㅠㅠㅠㅠ 이메일을 치던도중 오타가 있었나봅니다 ㅠㅠ
나,0,라인 안에 있는 사진이 안나온다고 뜨네여 이거 어떻게 해결해쥘수 있는가요?
나,0,라인이 안깔린다는데요 무슨일이죠..
나,4,해시태그는 왜 안 되는 거죠? 해당 국가에서 안 된다던데...
나,0,ㅜ 나 ㆍㄴ.ㅈ ㄷㅈㅇ수ㅜㄷnn774i
나,0,절땨
나,1,비밀번호찾기가 안됩니다 메일로 안와요
나,0,비밀번호가 자꾸오류에요
나,23,"오늘 갑자기 접속이 되지 않고 있습니다...pc버전의 QR코드는 구버젼이라머 접속이 안되고, 폰의 앱은 실행이 되지 않고....왜 이런거죠?"
나,1,메시지가 읽음으로 안 뜨는거는 운영정책을 위반해서 그렇습니다
나,0,설치왜이렇게오래걸려요? 그리고 모르고삭제했는데 다시깔아보니까 다시로그인하라고 뜨네요
나,1,아니 단체방 초대 오류 해결해주세요
나,1,할 말이 없다ㅋ
나,12,나만 요즘들어 메시지 보내는게 느린게 아니였구나 ㅠㅠ 보내지지도 않도 라인와서 확인하면 5초후에야 확인가능😭
나,1,제발 ㅠㅠㅠ 업데이트 좀....진짜 이럴거면 카톡쓰죠
나,1,인터넷이 안좋은것도 아니고 다 좋은데 메세지가 안보내지는데 정상인가요
나,0,채팅도 안쳐지고 오류라고 떠요
나,0,이거 카톡 따라한거 아님?ㅋ
나,100,"왜 음성통화 걸려오면, 전화 왔다는 화면을 안띄워 주시나요? 노트10 씁니다. 전화는 오는데, 누구한테 오는지 모르니까 체팅방 일일히 다 열어서 어떤 전화기 마크가 (그것도 심지어 쬐끄매) 초록색으로 빛나고 있는지 일일히 찾아야 하잖아요 업데이트 전엔 안그랬는데 왜이래? 21년 5월 추가한다. 메세지 오면 왜 제깍제깍 안표시되냐? 알람만 울리고, 막상 쳇 열면 새로 온 메세지가 없다고! 백그라운드에서 앱 껏다 다시 키면 그제서야 보이는게 정상이냐? 미쳤네"
나,12,로그인 못 해요~! 인터넷이 원활하지 않는다고 나오네요. 다른 것들이 다 되는데 말입니다.
나,0,문의하고싶은게있는데 홈페이지도 그렇고 어디에도 이메일주소나 전화번호도 없고 뭐 어떻게 아무것도없음?
나,1,개비싸 비싸면 재미라도 있던가 그냥 비싸 한번쓰고 지운다 안 타본 사람은 호기심에 5000원 15분 안에 날라간다
나,5,분명 메시지 수신 팝업 받았는데 켜보면 메시지 바로 안오고 1분뒤에 몰아서옴.
나,0,아저는 이게 만3세이상이여서 깔아봤는데 만14세이상으로뜨내요 하진짜
나,5,친구찾기 아이디검색부분에서 문자가 이중으로 입력숫자는 괜찮아요.
나,2,전체적으로 고쳐주세요. 서비스 참 별로네요.
나,0,한 두달째 인증 기능을 일시적으로 사용할 수 없다면서 로그인조차 안 되는 건 뭡니까? 여기 일 안 해요?
나,0,인증기능이 안된다는데요..
나,0,좋지도 나쁘지도아늠
나,1,이상한 사람이 많음
나,1,이거 야한 사람들이 많이이용해서 이앱을 없애줬음 좋겠네요
나,1,"라인알람잘안뜨고, 느려요..개선시급한데 몇달째그대론데 언제개선되나요"
나,2,진짜 인증방법이나 똑바로만들어 이게 맞냐? 비번 똑바로쳐도 안되고 비번찾기하니까 무슨 이메일치래서 가입할때쳤던 네이버 치니까 메일 안오고 어쩌라는거여ㅡㅡ 그러더니 인증초과뜬다고? 이게 대기업에서 월급주면서 만들은 어플이냐? 이럴꺼면 접으세여 ㅋㅋㅋㅋ
나,0,한 마디로 정리... 카톡 짭
나,26,비번 몰라서 이메일로 비번 받으려고 했는데 수십번 이메일 입력해도 메일이 안옴 ㅜㅜ 여기는 직원들이 일을 안 하나?
나,40,맨날 백업할려하면 잠시후에 다시 시도하라 그러고 저 같으면 바로 고칠텐데.... 정말 최악의 어플이네요^~^ 무능하고 보기 좋습니다
나,0,계정을 만들 수가 없습니다 가입을 하려고 하면 오류가 뜨고 재접속 해도 뜨고 삭제했다가 다시 들어가도 오류가 뜹니다
나,6,접속하려고 하니 비번 까먹어서 메일전송 눌렀는데 몇시간동안 안옴ᆢ ㅡㅡ
나,1,최악입니다. 계정을 찾으려고 비밀번호 찾기를 눌러도 이메일로 변경하는게 안 오네요 ㅋㅋㅋ 고객센터 전화도 안되고 뭐하자는 건지
나,3,"저기요 개발자분들 앱 점검은 제대로 하시는거 맞나요? 저 s21울트라 씁니다. 근데 제폰이 이상한건가요? 메세지도 제대로 안받아지고 보내는것도 에러심하고, 사진보내면 전송도 안되고, 전화도 제대로 연결이 안되고..지금 뭐하고 계신가요? 앱 관리 좀 하세요"
나,0,메세지 안보내지는거 심각하네요 채용 전에 시스템이나 제대로 손보시길
나,1,메신저가 메시지가 안가고 알람이 2시간 뒤에 오면 어쩌자는 건지 모르겠음
나,1,소리로해놔도 두번째메세지부터 소리로알려줌
나,0,앱 다운이 안 됌
나,1,왜 갑자기 LINE에서 국가변경 사라져습니까 갑자기 사라진 이유가 뭐에요 이유를 알려주세요
나,0,회원탈퇴한 사람은 어떻게찾나요..
나,126,제발 업뎃 관리 좀 똑바로 해요. 이럴거면 접던가. 최신버전 쓰면 뭐합니까 매번 메시지 전송 속도가 느려서.. 최신폰 쓰는데도 수신이 몇분씩 함흥차사인게 말이되나.. 이러다간 예전에 망한 틱톡꼴 날듯
나,0,왜 설치가 안돼죠?
나,15,진짜 얘네 뭐하자는 걸까
나,1,여태 잘사용했는데 업데이트 되지 않네요
나,0,지금같은시대에 지문인식 잠금이 없는게 말이됨?ㅜㅜ
나,0,해시태그 왜 없앴나요?
나,0,도대체 전송이 왜 안되냐고~~~~~몇번째냐고~~~~~
나,0,허구언날 오류 오류..버그 안 잡나요?!!! 아니 메세지 온거 알림도 안 뜨고!! 오늘은 아예 메세지가 안 가요!! 다시 들어가도 데이터 껐다켜도 안 가서 그냥 지워 버렸어요!!!!!!!
나,0,알람이 안떠요ㅠㅠ
나,1,한국인데 현재 국가 및 지역에서는 해시태그 지원을 왜 못하나요 ㅋㅋ
나,2,로그인이 안되는데 뭘 어쩌라는 건데?
나,0,가면 갈수록 사람들이 원하지 않는 방향으로 가네요. 인스타처럼 태그가 안 되는 거 너무 불편하네요. 카톡이랑 다르게 태그로 사람 구별하는 게 라인의 장점이였는데. 다음 업데이트에서는 탐라에서 태그로 사람 구별이 가능했으면 좋겠네요.
나,0,알람 안오거나 늦게옴
나,22,별 하나도 아깝다. 업데이트 안함? 라인왔다고 울리는데 막상 라인들어가면 메시지가 안보임. 아예 껐다켜야 보임. 이게 뭐하는짓 ㅡㅡ
나,0,그냥 지웠다가 깔았는데 이제 설치도 안됌 ㅡㅡ
나,0,인증번호는왔는데 더이상진행이안됨
나,1,깔리는데 드럽게 오래걸리네
나,0,업뎃 후 메세지도 안가지고 대화도 피시랑 연결이 안됩니다
나,0,이반들 톡
나,1,비번확인메일이 안와요. 쓰고싶어도못쓰는상황
나,0,번역기능 있우면 좋갰어요
나,5,해시태그해시태그해시태그해시태그해시태그해시태그해시태그해시태그해시태그해시태그해시태그해시태그해시태그해시태그해시태그해시태그해시태그해시태그해시태그해시태그해시태그해시태그해시태그해시태그해시태그해시태그해시태그해시태그해시태그해시태그해시태그해시태그해시태그해시태그해시태그해시태그해시태그해시태그해시태그해시태그해시태그해시태그해시태그해시태그해시태그해시태그해시태그해시태그해시태그해시태그해시태그해시태그해시태그해시태그해시태그해시태그해시태그해시태그해시태그해시태그해시태그해시태그해시태그해시태그해시태그해시태그해시태그해시태그해시태그해시태그해시태그해시태그해시태그해시태그해시태그해시태그해시태그해시태그해시태그해시태그해시태그해시태그해시태그해시태그해시태그해시태그해시태그해시태그해시태그해시태그해시태그해시태그해시태그해시태그해시태그해시태그해시태그해시태그해시태그해시태그해시태그해시태그해시태그해시태그해시태그해시태그해시태그해시태그해시태그해시태그해시태그해시태그해시태그해시태그해시태그해시태그해시태그해시태그해시태그해시태그해시태그해시태그해시태그해시태그해시태그
나,1,톡이나 전화가 와도 알림이 안떠서 개빡침 심할때는 하루후에 톡이 도착하는 경우도 있음 업데이트를 할때마다 오류랑 렉이 기하급수적으로 늘어남
나,0,안녕하세요 이 앱을 사용하는 손님입니다. 저가 패밀리링크를 사용하는데 그래서 저가 사이드바를 깔아서 사용하는데 최근에 한 앱들이 옆으로 뜨거든요 근데 업뎃 하라고 해서 하는데 계속 업뎃이 안되네요..; 한 번 그런게 아니라 10번 넘게도 안돼네요 대기중만 보이고 이 문제점 고쳐주세요.
나,0,안들어가져요
나,5,아예 안들어가지는데요? 첨에는 저만 그런건줄 알았는데..제동생도 먹통이더군요 버그좀 고쳐줘요
나,3,네트워크잘만되는데 오류라고뜨면서 채팅도안되고 암것도안되네요ㅡ.ㅡ
나,0,자꾸 톡이늦게가요 왜이러죠
나,6,비밀번호찾기 메일이 안옵니다. 네이버가 예전의 네이버가 아니네요. 카카오 따라갈려면 한참 멀었습니다.
나,8,"혹시, 회사에 직원이 없나요...? 아니면 일을 안 하시는 건가요...? 어떻게 업데이트를 할 때마다 기능 하향이 될 수 있죠...? 골수 유저인데 진짜 너무 심각해요. 알림도 안 오고 진짜 이게 뭐지."
나,4,비번을 까먹오서 이메일로 할려고 하는대 이메일에도 문자가 안가고 비번도 다 틀렸다고하는데 이기능에 초기화는 없어요??
나,0,나만 지금 구글이 이상하다고 생각하나~?
나,0,앱을 아예 다운 못해요 ㅜㅜ
나,0,다운받은적이없어요 저절로 다운이되나요?? 쓴적없는거같은데요ㅜㅜ
나,161,"업데이트 할때마다 점점 어플이 맛탱이감. 문자가 왔는데 몇 분 걸리면서 늦게 전달 혹은 전송되기도 하고, 가끔 전화 목소리가 상대방에게 전달되지도 않음. 여자친구가 외국이라 쓰는데 외국인 아니였으면 진작 쓰지도 않았을 어플."
나,0,왜 가입이 안되죠??
나,0,세상에... 인증도 안 되네?
나,1,요근래 계속 먹통증상이 잦음.
나,3,아니… 메세지 올때 상단에 제발 뜨지 말라구 좀!!! 안드로이드만 그러는지 모르겠지만 굉장히 불편합니다!! 메세지 올때마다 위에서 팝업창 처럼 내리고 중요한 티켓팅이나 게임할때 방해가 된다구요!!!
나,0,먹통 먹통 아무것도 안됨
나,1,메시지 수신이안됩니다 지금전체적으로그런건가요 저만그런가요
나,1,아니지금 라인먹통이잖아 빨리고쳐 일안하냐 ?
나,0,라인 먹통됨....
나,13,어플 지우고서 다시 깔려고 하는데 다운 받는 과정 없이 바로 설치가 되고 또 엄청 빨리 설치 되고(평상시보다 훨씬) 동기화중에 자꾸 77%에서 멈추면서 오류 뜨는데 왜 이러는 건가요?
나,0,이거 왜 갑자기 전화가 안돼나요?
나,9,"현재 메세지, 전화 등 대부분의 기능이 먹통입니다. 조속한 해결이 이루어지길 바랍니다."
나,0,지금 먹통.. 수신 안되고 발신 됐다고 떠도 상대방한테는 안감 통화도 안됨
나,0,라인먹통인데 어케된겁니까 8828282
나,0,한번 맛가면 복구불가
나,13,라인 잘되다가 갑자기 메세지 수신이 안되네요 발신은 됐다고 표시되는데 ..업무때문에 급한데 해결 부탁드려요
나,27,알림 늦게 오는것 뿐만 아니라 메시지 자체가 늦게 옴 사진파일 전송실패 업데이트 해도 답이 없음 예전에는 안 그랬는데 3월부터 계속 이럼
나,1,라인 메시지 전송 계속 오류 나는데.. 무슨일이죠?
나,0,비밀번호 찾기가 안되서 사용할수가 없음
나,0,알잖아요
나,31,라인이 먹통이네요ㅡㅡ부재중전화가와서 다시 걸었는데 네트워크오류라고 자꾸 뜨고 메세지도 안가고 고객센터도 연결안되고 모죠?이거 어케해요?아 답답ㅠ
나,9,비밀번호 까먹어서 이메일 적고서 메일 기다려도 죽어도 안오네요? 메일이 틀렸으면 메일이 틀리다는 말이라도 해주던가 뭔 어플이 이러냐?
나,2,이거 지금 왜 안됨? 인터넷연결안되있다뜨는데?
나,1,메시지안보내지고계속먹통이에요 ㅜ
나,1,지금 버그때문에 뭐 들어가지지도 않는데요..
나,0,기기 정보
나,1,온라인은 잘 사용하는데 휴대폰은 라인 알람이 아에 안뜹니다 지금은 4월 5일 주고 받은 내용만 있을 뿐 작년부터 반복되는 현상이었는데 지웠다 다시 깔아도 똑같습니다 버그좀 조치해주세요
나,30,다음이 멍청한 운영만 안 했어도 네이버 같은 게 주류가 되지 않았을 텐데 ㅎㅎ 이 어플은 어느날부터 갑자기 지 멋대로 에러 잔치 벌여서 강제 삭제 재설치한 덕분에 기존 대화 목록도 그냥 다 날아가 버리는 게 다반사인 쓰레기 어플임. 얘넨 국내에선 카톡을 죽어도 못 이기니까 일본을 타겟으로만 삼아서 사실 한국인들이 쓸 이유가 없는 어플임.
나,0,테마에 중복없었으면 좋겠어요.
나,0,실행이 안되고 개선도 안함
나,4,"앱 대화방 알림이 자꾸 꺼져요,알림이 안와서 대화방 설정 가면 꺼져있고,켜놔도 자꾸 꺼져있고,왜 그런거죠??????"
나,6,라인 메세지가 와도 알림이 안뜨고 대화방 들어가야 보이는 오류 몇년 된거 아직도 안고쳤네. 내 폰 문젠줄 알았더니 폰 바꿔도 똑같네 일본에는 이런 현상 없다는데 나만 그런것도 아니고 다룬 사람들 똑같운 문제 발생하는데 이것들은 오류 수정도 안하냐?
나,0,"박현 5만원짜리 나 목 목 목 목 600,000 강희라대리쪽으로해야되"
나,0,"로그인 비밀번호를 잊어버려서 비밀번호찾으려고 메일주소 적었는데 메일은 오지도않고 고객센터 번호도 없고, 인증번호오는 번호로 전화했더니 설정에들어가서 도움말에 문의하라네요..로그인은 평생못하는건가요..ㅡㅡ 답답해 죽어요"
나,67,휴대폰 새로 바꾼후 (번호 변경 없음) 라인 로그인이 안되서 비번변경 url 메일로 받아서 비번 변경 후 라인 접속 해도 계속 비번이 틀리다는 팝업만 확인되네요. 벌써 이게 몇번째인지... 확인 좀 부탁 드려요.
나,1,업데이트는 뒤지게 많이 하면서 좋아지는건 없네
나,1,라인아 밴드좀 닮아라 밴드는 친절하게 댓글에 댓글 달아주고 잘못된거 고칠라고 노력한다는데 닌 뭐니...ㅠㅠ 왜 말이없니....노답
나,7,상단바 푸시알람 왜이래요. 내려오다 말잖아요.
나,1,앨범에 사진이 안올라가져요
나,7,비밀번호 재설정했는데 자꾸 재설정한 비밀번호가 틀렸다하네요 진짜 개빡치게 5번했어요 라인님들 제가 혹시 틀렸을까봐 재설정한비밀번호 하나하나 확인하면서 쳤는데 하나도 안 틀렸더군요 진짜 개빡치게하지마시고 앱개발좀하세요
나,0,Signal bagus tp ntah knp gk bs kirim pesan tolong diperbaiki y
나,22,계정 하나 더 만들 수 있게 업데이트 좀 안돼요?
나,15,왜 갑자기 라인이 주고받고가 안되는지 모르겠어요 29일이후로 아예 먹통이네요 해결방안을 내놓던지 해야지 몇년동안 썼는데 답답하네요
나,1,태그 왜 안 됨? 망했나 ㅋㅋ
나,0,비밀번호 잊어서 메일을 보냈는데 안와요!!!
나,0,라인 왜 안됨??
나,13,네트워크오류로 안되시는 분들 재부팅해보세요ㅠㅜㅜ 재부팅햇더니 돌아왓어요 언제 또 오류날진 모르지만... 얼른 오류수정 좀 해줫으면 ㅠ
나,1,기기변경으로 인해 재로그인 할려는데 전화인증 할려니 잠시 후에 하라는데 벌써 일주일째인데 언제 해주실려나요?
나,3,밑에분들이랑 같은 증상 네트워크 오류라고 안되서 다시 깔았더니 열리지도 않음
나,11,비밀번호 입력창에 비밀번호 기입후 엔터를 할 수 없어서 로그인을 하지 못한다.. 이렇게 거지 같은 앱을 배포하다니..
나,1,와이파이 빵빵한데 자꾸 네트워크 없다고 메시지 안보내져요ㅠ 이런지 이삼일째
나,1,사람들 이거 솔직히 왜까는지 알아요? 성관계 맺을라고 하는거에요 ㅋ
나,0,오류가 심하군
나,4,별 한개도 아깝네 와이파이 연결됐는데도 네트워크 연결이 안된다고 나오네
나,1,오류좀 고쳐라 쉬밥
나,1,아니 갑자기 안된다고여 머에여 돌려놔주세여
나,1,비밀번호를 바꿧는데도 왜 로그인이 안되는거죠 진심 짜증나네요
나,0,14세미만 심기 불편 ㅠㅠ
나,1,지금 몇달째 라인가입을못하고있어요.... 인증오류 때메
나,0,앱 안깔려요 ㅡㅡ
나,1,나만 메시지 보내기 안됨?
나,64,라인이 종종 멈춰요 갑자기 오지도 않고 가지도 않아서 대화하다 갑자기 뒷북 치는 놈이 되는데 참을 수 없네요 와파 문제도 아니고 데이터 문제도 아닙니다 갤럭시S10 이용자 중이고 삭제했다 다시 깔아보기까지 했어요
나,0,태그기능 살려주세요
나,6,"아니!저기요!아니,비번눌렀는데 또 비번인거 뭡니까?!아니 이거 로그인 만들거면 쉽고 간단하게좀 만드세요!별꼴이야진짜 제수없어"
나,4,갑자기 라인이 안되요ㅡㅡ
나,3,핸드폰으로 페이스북 로그인하는데 먹통이에요. 빨리 해결해주세요. 갤럭시 10 5G 입니다.
나,8,알림문제 저만그런게아니군요 백그라운드정상작동되는데 먹통알림 엄청자주심하네요 카톡은 단한번도안그러는데..심지어 카톡은 백그라운드미실행때도 정상적으로알림옵니다
나,6,업데이트를하지말던지 계속 먹통 되고 안뜨고 짜증나네 지금 재설치만3번째
나,2,라인아 라인아 채팅방들좀 잘봐라. 카톡오픈채팅방에서부터시작하여 라인으로넘어온뒤 아주 범죄의 창구가 되었단다. 성적으로도노시고 난리도아니란다. 범죄의 창구가 되어간단다......
나,0,라인 왜 이렇게 🐕같은...
나,90,pc와 앱 둘다 사용하는데 어플상에서 데이터에 문제가 없음에도 정상적으로 처리하지 못했다고 뜨네요...분명 단톡방 대화가 알람이 오는데 들어가보면 먹통이에요....방법이 지웠다가 다시 설치하는방법밖에 없나요?ㅠㅠ
나,3,이거 라인플레이 라인 계정으로 했다가 이메일 인증 안 돼서 작년부터 지금 까지 못 하고 있어요ㅜ 인증메일이 왜 안 오는 거죠 ?;;
나,2,되는게 아무것도 없네... 업데이트해도 그대로네...
나,33,알람설정 다되어있는데 알람안울리고 빨간색점도 없음 한두번이 아님 또 메시지온거보고 라인접속했는데 메시지 온거 안보이고 내가 메시지보내도 튕김 이또한 한두번이 아님 어플을 재시작해도 안되고 휴대폰 재부팅하면 정상작동할때가 많음 카톡이랑 다른 용도로 쓰고 있어서 카톡사용할수도 없어서 욕하면서 쓰는 중
나,6,일시적인오류가 1년동안걸리나요? 아예 기능이안되네요
나,5,왜 오류로 메세지 전송등 아무것도 안되는거죠?
나,14,해시태그가 사라지다뇨. 이게 뭔가 싶네요. 다시 살려주시길
나,2,제작자님 그거 알아요? 초딩이나 중딩이 이거 사용하는 이유가 ㅈㅈ공유하고 노예구하고 해서 그렇게 써 먹으던데?
나,3,한국에있는 가족들하고 연락하려고 하는데 전화신호자체가 가질않네 빨리고쳐 졌으면 좋겠네요
나,3,비밀번호 재설정하는데 메일이 오지를 않네요 나만 이런가
나,2,가입하려 했더니 정필진이라는 사람이 제번호로 계정을 쓰거 있어요 모르는 사람인데 이럴땐 어떻해야하나요 ? 그리고 새계정으로 가입하려 하니깐 비번 설정이ㅜ안되요
나,1,이메일 왜안오나요 비번도안먹고
나,9,비밀번호 잊어버려서 메일로 임시번호 발송했는데 메일로 안와요... 스팸메일함에도 없고 메일 자체가 안옵니다
나,1,2달에한번씩 오류발생
나,5,라인 톡이 안가요.. 작성했던 노트나 포토도 일시적 오류로 불러 오지 못한다고 하고요...
나,13,리뷰 보니깐 나만 그런 게 아니네. 폰 이상한 줄 알았는데 폰 바꿔도 똑같음. 깨톡 안쓰려고 이거 쓰는 건데 알림이 계속 안 와서 사람들이 자꾸 깨톡으로 하자고 그러잖아 씽.
나,0,이전에 잘 되면 것이 며칠 전부터 계속 다운됩니다. 안 됩니다. 갤럭시노트 8입니다
나,2,계속먹통인데 왜이럽니까? 개발자분 손좀보세요 제발~ 다시깔고싶어도 리뷰에 이젠 가입도 제대로 언된다하는데...
나,4,어 소리가 끊기네여 음질도 안좋고
나,0,태그 좀 고치세요
나,0,계정등록하려는데 제번호를 전에쓰신분이 라인을쓰셨는지 모르는분이 쓰고계셔서 제가 가입을 할수가 없습니다 ㅠ
나,0,설치도 안되는데요 오류수정좀
나,0,앱 알림오류가 계속 있어서 지우고 다시 깔려고 하는데 다운로드 할 수 없음 이라는 팝업이 뜹니다. 어떻게 해결해야 하나요?
나,0,먹통이 됐을때 구글스토어-메뉴-내 앱/게임-최신업데이트 확인 눌러주면 라인 먹통이 풀릴때가 있어요
나,0,왜.안.깔.아.져.요.????
나,63,요즘 라인 알림이 안옵니다. 지웠다가 깔아도 마찬가지입니다. 휴대폰 배터리관련 설정도 다 해보고 알림설정도 다 했는데 앱에 들어오고 나서야 알림이 뜹니다. 빨리 해결좀 부탁드립니다.
나,1,업뎃이후로 강제종료되고 구동이잘안됩니다
나,0,이거 왜 자꾸 안들어가지고 지 혼자 다운이될까요..？
나,0,아니 채팅이 안보내짐 해결책있음?
나,0,아니 왜 나는 톡이 보내지는데 상대방은 못보는거예요?? 구래서 지웠다 깔면 일시적으로 로그인을 할 수 없다고 나오네요;;; 뭐 어쩌라는건가요
나,0,무슨 오류가 이리도 심한지...
나,3,There was news that LINE Messenger`s privacy information leakage last week. Line's China Development cooperation company could have inquired LINE user's privacy data. it seems to be treated security too lightly Even though it is a messenger company. Because Chinese Companies must follow the government when the government requests company's data.
나,1,느려
나,16,"지난주부터 먹통현상이 자꾸 발생하고 있습니다, 몇번 지웠다 다시 까는데도 동일 현상 반복이네요...라인앱상에서는 고객센터등 기타연결 자체도 안됩니다."
나,8,업데이트후에 이상증상 메시지 알람은 들어와 있는데 채팅방가면 30초후에 메시지를 보여주네요. 이런 버그는 좀 황당하네요
나,3,이거 왜 안돼요.. 메시지 온 것도 안들어오고 보내지지도 않아요
나,2,비밀번호 재설정 메일이 오지 않습니다
나,30,요새 라인이 자주 먹통이 됩니다. 두 번이나 지웠다 깔았습니다. 전엔 이런일이 한 번도 없었는데 요 한두달새 두번이나 그럽니다. 앞으로도 이러면 앱을 지워야 할 것 같습니다
나,1,서버나 터졌나 어쨌나요 뭔 알수가없네요
나,2,뭐 갑자기 걍안되는데?? 이거뭐임;;;뭐지...뭐이런경우가...잇지?
나,0,이런어플 아직도있네요
나,0,정말별로네요!!정말 별~루야
나,1,메시지 와는데 갑자기 알림이 안떠서 친구가 화났어요.
나,1,실행 자체가 안되네요...
나,9,"사진도 제대로 안보내지고, 블루투스 켜져있으면 연결된 기기가 없어도 전화 소리가 매우 작습니다"
나,1,네트워크오류 뭔가여 ㅡㅡ
나,0,"로맨스 스캠 등 각종 국제 사기 통로 역할을 하는앱, 경찰서 신고하고 라인측에 공조수사 요청해도 수사협조도 다 거부하는 사기꾼들 보호하는 앱 ㅆㄹㄱ 그자체 채팅창에서 신고해봐야 아ㅡ무런 조치도 안함. 버튼만 만들어 놨을뿐 무용지물 . 진심 사기꾼 양성소 사기꾼든의 성소, 쓰레기앱"
나,1,라인 아이디 검색 왜 안 됨?
나,141,"제발... 라인 사진 저장할 때 ""일시적인 오류로 사진을 저장할 수 없습니다."" 몇 백번이나 뜨는데 안고치실 건가요? 이거 2021년 올해 뿐만아니라 제작년, 작년 부터 있었는데 고치실 생각을 안하시네요. 오류가 사진 저장할 때마다 나타나니까 저장하고 싶은 사진이 있어도 저장을 못해서 겁나 불편합니다"
나,2,친구 추가가 안되네요...
나,0,음.. 좀 별로.. 예전에는 좋았눈데..
나,6,아니 메시지가 안 보내지잖아요 뭔 자꾸 네트워크 오류래 한나절 동안
나,0,듀얼메신져 사용하는데 게시글 한도가 있거나 보그같아요.. 게시들이 작겅해도 올라가지 않아요. 이유가 모죠 ?
나,1,왜 저에게는 변테 새끼들만 친추가 걸리죠..? 변테 새끼들좀 어떻게 라도 해주세요...ㅜㅠ
나,5,신고같은거 없어요? 피해보는 여성들 성희롱착취물 심해요 그리고 신고 버튼만 있으면 뭐해요 그냥 그 자체 이 어플을 만들지 말든가 해야지
나,3,인증기능 오류 언제고쳐지나요?? 페이스북도 연동안해서 몇달째 로그인 못하고있어요ㅠㅠ
나,6,그냥 섭종해
나,2,왜 자꾸 네트워크 오류라고 아무것도 안돼지?
나,1,영통할때 상대방 말이 자꾸 끊김
나,0,안드로이드 최근 업데이트 이후 먹통입니다. 삭제하고 다시 설치해야할까요? 빨리 피드백을 해주셔야할 듯
나,15,라인을 자주 사용할때는 문자가 바로바로 도착하는데 하루에 한번 이틀에 한번정도 사용할때는 문자 도착지연이 자주 발생함. 토욜 일욜 사용 안하다 월욜 퇴근시간에 보낸 글이 화욜 점심쯤 도착하는일이 비일비재함.
나,0,불편
나,0,라인 온 알림 소리가 안나요ㅜㅜ
나,3,업데이트 이후로 스티커 첨부 화면에 진입하면 계속 강제종료(충돌)나는데... 언제 수정을 하실지
나,0,알림은 오는데.. 들어가보면 새로받은 메세지가 안떠요.. 30초? 길면 1분이산 있다가 우르르르 떠있고 그래요..
나,0,상대방한테 답장오면 알림이 바로바로 안뜨고 어플 들어가야 뜹니다 몇년째 이문제는 해결이 안되네;
나,10,The Line Keep text memo being restored to older file version!! The changes to an important text memo are all gone!
나,1,비밀번호 찾기 이메일발송 햇는데 계속 안오네요 비밀번호 어떻게 찾을수있나요?
나,1,영상통화는 와이파이나 데이터 있어야만 사용가능. 결재해라.
나,1,메인보드 고장나서 새폰으로 라인깔았는데 기존기기를 켜서 비밀번호를 받아란다..참나 애초 기존기기에서 비번 만들라는 적이 없었으니 안만들었지.. 내 채팅방에 있던 자료를 못찾는다는 거..ㅠ
나,0,로그인 안됨
나,3,왜 메세지 전송이 계속 실패하는거지요? 앱에서 고객센터로 접속조차 할 수 없어 여기에 글 남겨요.
나,5,어플 작동이 안되는건 저만 그런가요? 화면이 뜨지도 않네요 왜 이런거죠?
나,8,알람 안 오는건 그렇다 치고 살았는데 친구 추가가 안돼요 아이디를 치고 추가를 눌렀는데 안먹혀요... +태그 기능 왜 없어졌는지...?
나,111,사진이 안 떠요
나,1,라인 깔았다가 지운지 꾀 됐는데 인증번호가 왜 갑자기 오죠...오류인까요 전화번호 도용일까요?
나,43,업뎃 이후로 사진 전송이 안 돼요
나,1,요즘들어 라인알람이 잘안울리고 2~3시간 뒤에 알람이 울립니다 어떻게된겁니까? 얼른 문제해결을 해주셨으면 좋겠습니다.
나,3,계정 비번 찾으려고 네이버메일 변경메일 보냈다면서 네이버 메일 하나도 안오고ㅋㅋ 네이버 갈수록 태산이네
나,1,업데이트 이후 아이콘배지 가능 안됨. 시진이나 대화가 한참 늦게 뜸. 빨리 수정해야 함. 불편해서 못 쓸것 같음.
나,5,기기 바꾼후 앱 다시 깔고 들어갔는데 비번을 잊어서 메일요청했는데 메일이 안오네요. 여러번 메일요청을 해서인지 하루를 기다리면 될지...
나,0,비번을 잊어서 인증메일보내기를 했는데도 안오네요....쓰지말라는건가요...?
나,4,갑자기 생각나서 앱을 깔아 다시 사용할려니까 비밀번호 잘못입력되었다는 오류가 자꾸뜨네요 재설정하고 똑같은 상황반복입니다 수정해주세요!!
나,1,아니 스티커가 안보여요.
나,138,안드로이드 업데이트 이후로 통화중에 소리가 먹통이 되는 현상이 자꾸발생합니다. 한참 얘기하다보면 혼자 떠들고있더라구요. 그러다 끊어지기도하는데 매번 통화할때마다 이러니까 통화중간에 여보세요?하면서 확인하게 되네요. 너무 불편합니다.
나,5,"그냥 메시지자체가 왔다고 뜨는데 창에 늦게 떠요, 아예 한참 뒤에 오거나"
나,2,점점 퇴화하는 라인ㅋㅋ
나,35,라인친구추가도계속안되고 톡도보내지지도오지도않아서 지우고 다시깔았는데 이번엔 휴대폰인증이안되네요? 저번업데이트 이후부터 이게 뭔앱인지; 이제 라인그만쓸때가됬나봐요?
나,0,카카오톡 미만잡
나,20,가끔 라인통화 시 누락되는 경우가 있습니다 그리고 오늘 라인통화를 이용했는데 상대방의 말이 마치 외계인처럼? 들렸습니다 일반전화는 괜찮았기 때문에 라인이라 생각됩니다
나,2,소리가 로봇소리 나요 ....
나,9,지금 통화내용이 지직거립니다. 양측 모두 그러고 데이터를 써서 통화해도 그럽니다. 빠른 해결 부탁드립니다.
나,3,업데이트이후 지직거리는 소리때문에 통화 불가능 핸드폰 3대 동일 증상 나타남
나,5,어느날 갑자기 로그아웃되면서 친구 목록 다사라짐ㄷㄷㄷ친구 복원도 안됨ㅜㅜ전화번호 없는 친구들 이랑 연락 안됨ㅜㅜ
나,17,언제쯤 태그 기능이 살아날까요.
나,17,며칠전 업데이트 후에 아이디 검색이 안됩니다 아이디 치면 정상적으로 처리하지 못했습니다고 계속 뜨면서 아이디 검색이 아예 안됩니다 삭제하고 다시 깔아도 계속 그러네요 빨리 해결해 주세요
나,1,"Tried using ""forgot password"" -> wanted me to put my email -> waited 30min -> nothing came -> repeated like 5times -> still nothing"
나,19,왜 카톡처럼 지문인식 기능을 넣지 않는지 의문이 드는 앱
나,1,로그인 할때 인증기능을 일시적으로 사용할수 없습니다 잠시후 시도해주세요 이런 문구가 계속 뜨네요 제가 사실 전에 깔았는데 약간 먹통된거같아서 지우고 다시 깐거에요 이상하네요 어떻게 해야할까요
나,1,그냥 딱 이정도임..
나,21,라인레인져스 유저인데 필요한걸설치 해야되서 라인을 지워서 다시라인레인져스 를 플레이를 할려고 하다가 로그인이 안돼서 라인을 다시깔고 로그인을했는데 안돼더라고요 고렙까지 올려났는데 계정이 삭제 돼서 고생은 헛수고였네요
나,5,친구추가랑 대화백업 일대일문의 자체가 아예 안돼요 심각한 오류인데 빨리 고쳐주세요ㅠ
나,0,틱톡 로그인하려고 깔았다
나,1,친구추가 1명하고 두번째 할려는데 최대 검색 횟수초과했다고 친구추가가 안됨
나,1,전화번호 입력하니까 계속 일시적으로 인증기능을 사용할 수 없다네요 그리고 겨우 들어가면 제가보낸 톡이 상대에게 보이지 않습니다
나,8,기존가입자인데 다시 앱깔고 비번물라서 메일주소인증하는데 철자오류나고 메일주소를 복사해서 붙이기 했는데 메일주소로 메일이 안와요 어케해야죠 해결바람
나,2,비밀번호 찾기 하는데 메일이 안 와요
나,97,"새로시작했습니다. 시작하고 단톡방에 있는 친구 추가하려는데, 정상적으로 처리하지 못했습니다 라는 문구로 계속 친추가 되질않아요. 해결책을 찾을수도없고 어디 고객센터도안보이고.. 업무용으로 시작하는건데 진짜 답도안나오네요. 이글 보시고 해결책알려주시면 리뷰수정드리겠습니다.."
나,5,업데이트후 영상통화의 이펙트를 못써요 다운로드 못한다고 표시돼요
나,2,안좋음ㅡㅡ
나,5,인증 횟수 초과로 계속 접속을 못하고 있습니다;; 얼른 고쳐주시던지 해주세요;;
나,7,친구 아이디 검색이 안됨. 3일째. 정상적으로 처리 못했다함. 삭제재설치해도 동일. 갤s10-5G(LGU)
나,1,나만 라인 지금 안됨?
나,1,통화 끊어지고 영상통화는 저는 상대방 잘 보이는데 상대방은 제 프로필사진만 보인다네요. 삭제하고 다시 깔아도 똑같아요. 라인이 쓰레기가 되어가고 있어요.
나,14,도대체 와이파이말고 데이터에선 사용이 안되는 이유가 뭐죠? 별 조치를 다해봐도..안되는데? 참내
나,6,친구추가가 안되서 제거후 재설치했더니 설치가안됨 뭐지;; 열려서 들어가니까 핸드폰인증도 인증기능을 사용할수없다고나옴; 이멜문의좀 받아주라..;;
나,1,최악
나,1,인증기능 사용이 안되요ㅠ 뭐죠?
나,21,변경한 단말기에서 접속하려다 비번을 잊어버려서 메일주소 입력을 했는데 메일이 안오네요. 이전 단말기에서 백업처리 해두었는데 로그인을 할수가 없으니..
나,0,좋아요
나,27,아니 로그인 하려고 동의 하고 전화번호 도 적었는데 로봇이 아닙니다. 가 떠서 체크 눌렀는데 이상한것만 뜨고 인증번호는 10분이 지나서도 안돼고 너무 이상하네요 당장 지워야 하겠어요.
나,0,제가 태어날때 출시했네요
나,1,깔려 지지도 않네요 ㅎ
나,1,변태놈들 개많아요 진짜
나,25,카톡과 달리 나름 아는사람들끼리만 쓰기에 좋아서 썼었는데... 전달이 잘안돼네요. 아침에 보냈는데 저녁에 간다든지 하는경우도 있어 멤버들간 오해도 생길뻔하기도 했네요. 이런문제만 없다면 폐쇄적 모임에 사용하는데 좋은데요. 요즘 가족간에도 카톡으로 바뀌었어요 ㅠㅠ 저만 그런가요?
나,1,아예 못들어가지면 어쩌자는겁니까?ㅡㅡ장난합니까 개빡치네 짜증납니다
나,22,"카톡은 이제 갤럭시 폰, 탭간 연동도 됨"
나,1,야 이거 인증 없이 회원가입 하게 해주라 어?!
나,2,변태들이 너무 많이 사용하고 요구 하네요 정보화가 필요 하다고 생각힙니다 그러면 조심 스럽게 하지않을까 싶습니다
나,16,음 해시태그를 사용해서 글도 올리고 지인도 찾고 그랬는데 해시태그 사용을 막으셨네요. 유용한 기능을 왜 없애신건지 모르겠지만 이 이유로 떠나가는 사람이 꽤 있어보입니다. 해시태그 기능 다시 돌아오길 바래요.
나,4,왜 로그인이 안될까요? 인증기능을 일시적으로 사용할수 없다는데 먼말인가요?
나,4,단라에서 전화하다 보면 자꾸 튕기는 현상이 생겨요.
나,1,태블릿으로도 이용하소싶음
나,0,와이라노사우르스
나,0,정말좋아요
나,27,업데이트 이후 스마트폰 캡쳐 이미지 공유가 안됩니다.
나,2,핸드폰 바꿨는데 대화 백업을 못해서 다날아감.
나,0,"제가 몇 년 전에 사용했던 라인 계정을 찾아서 탈퇴하려고 했는데 그 계정이 비밀번호가 없었다고 비번을 제가 예전에 사용하던 라인 계정으로 보냈다고 하는데 그걸 제가 어떻게 봐요,,, 라인을 로그인 해야 메세지를 볼 수 있는데... :("
나,0,앱 다운이 먹통.
나,2,라인 친구추가가 안 되는데용... 이거 뭐가 문제인가용...
나,11,태그 다시 돌려주세요 ㅠㅠ 없애버린 모든건 다른걸로 대체가 가능한데 태그는 대체가 불가능입니다 이러면 누가 이 앱을 쓰나요 태그만이라도 다시 돌려주세요 개발자님 ㅠㅠ
나,9,야라인미쳤냐당장태그돌려내니네가카톡이냐?너네만의특별함이있어야지문의메일을내가몇개를넣었는지알아?이비양심적인놈들너네카톡닮아가려고하지마당장태그돌려내친신도같이돌려내진짜맞을래??????
나,8,로그인 하려고 비밀번호 누르니 틀렸다고해서 비번바꾸기 해서 또 로그인 시도해도 또 안됨...무한반복 5회이상하고 땔침 ㅡㅡ 수고 ........ㅋㅋㅋㅋㅋ
나,94,"휴대폰 메인보드 교체후 로그인 하려고 하니 메모해놓은 비번이 다르다고하여, 등록해놓은 메일로 비번을 변경하고, 다시 로그인하려고 했는데 계속 비번이 틀리다고 나오네요. 앱 삭제 후 다시설치 했는데도 똑 같네요. 비번을 바꿔서 재접속을 하려해도 로그인이 안된다면 이건 문제가 있는거 같습니다. 개선해주시길 바랍니다"
나,1,알람좀 제발 패치 해주세열..
나,0,"친추를 기존 구버전처럼 아이디나 링크 없이도 자유롭게 할 수 있게 풀어주셨으면 합니다. 그리고 폰 바꿀 때 페북으로 가입한 사람은 라인 한 번 날아가면 계정 찾는 게 너무 번거롭고, 힘듭니다. 이런 경우에서도 페북 연동도 전처럼 자유롭게 가입할 수 있게 해주시면 좋겠고, 탐라에 댓도 게시글 누르면 바로 보일 수 있게 다시 다운그레이드 시켜주세요. 라인 너무 엉망이에요."
나,1,이번 업데이트 뭡니까??? 영상통화 때문에 이거 쓰는데 톡이 훨씬 낫다
나,1,상대방화면이ㅜ검은화면으로 나오고 벨이울리지않습니다 브재시ㅡ알림만울립니다 해결방법부탁드려요
나,2,태그 하면 안 보이는 거 진짜 불편해요ㅠㅠ 알람 제대로 안 뜨는 것도 너무 싫습니다
나,7,어느 순간부터 폰에는 대화가 안보이네요. 도움말에 있는대로 4번빼고 다 해봤는데 똑같아요.. 왜 이런거죠?
나,1,페북로그인 나만안되냐 ㅋㅋㅋㄹㅇ 망앱이네
나,14,오픈채팅 기능이 사라졌네요. 소통도못해서 별로.. 내 오픈채팅방도 못만드는 앱ㅜㅜ 그리고 속도는 왜 이렇게 느려요?
나,3,알림이 안오다가 앱에 들어가면 오는현상 어찌합니까??!
나,29,오래 전 받아서 가입했었고 카카오의 독선적인 좌빨행태행보가 보기 싫어 라인 받았습니다. 근데 비번 까먹어서 비번찾기 하고 메일 입력하라는데 철자 두글자만쓰면 막 지 멋대로 반복되어 적히고 글자지우려고 백스페이스 누르면 막 십여글자가 자동 입력됩니다. 뭔 이딴 오류가 다 있나 싶네요 이게 정녕 네이버서 만든게 맞습니까? 중국어플인줄. 문제있는거 인식은 하고 있으신지? 개인적으로 카카오가 사라져야한다고 생각하는데 라인이 힘내길 바라는데 이래서야 되겠습니까. 다음을 누르고 우뚝 섰을때처럼 카톡을 누르고 일어나길 바랍니다.
나,0,ㅋㅋㅇ톡 안하고 이걸 왜씀??? 이해안됨ㅋㅋㅋㅋ
나,7,애인에게서 연락이 와도 알림이 정상적으로 울리지 않았습니다.
나,2,S8 사용중인데 푸시가 한참이나 지나서 옵니다. 기기 설정에서 셋팅을 해봐도 마찬가지예요.
나,0,おそい
나,4,라인 왜이렇게 망했냐... 다시 써볼까 했는데 안 쓸란다 니들이나 많이 써라
나,0,변태들이 라인으로 만나자 하고 진짜 이엡 변태와 역기게 하는 엡이네요 진짜 이러다 나도 변태 돼것네 하아...!
나,0,LINEの通知はオンになっているのですが、メッセージの通知も来なく通話ノ通知も時々不在着信ではいってきます。改善お願いします
나,1,라디 검색 횟수 넘었다 뜨는데...
나,2,그냥 망할려고 작정을했구나 ㅋㅋ
나,0,설치부터 안되면 어떻게 앱을 이용하나요...
나,0,영통하면증거가남냐요????
나,2,사진 상대방한테 보낼라하면 앱이 종료되요. 저만 이런건가요? 이런 에러는 뭐죠?
나,1,친구추가 가 안됨 어캐해야되??
나,0,다시 설치하고 로그인을 하려고하니까 인증기능을 사용할수없다는데 어떻게해야하나요?
나,0,변태새끼 개많아
나,0,우와 진짜 안좋아요ㅠㅠ
나,1,뭔 맨날 업데이트냐? 알람이나 좀 제대로 오게 만들어라
나,0,탈퇴좀 하자고 ㅅㅣ바 아니 100번을 해도 안되네 폰도 껐다켜봄
나,2,알림 버그 좀 고쳐주세요 ㅜㅜ가끔 알림이 안떠요
나,8,제가 라인을 로그인을하려고 핸드폰 전화번호 인증을 눌렀는데 잠시동안 인증을할수없다고 떠서 2일동안 기다리고 다시했는데 안되서 너무 빡이 칩니다
나,2,친구추가도 초대도 안되는데.어찌해야되죠 몇번을 삭제하고 깔고 핸폰 껏다키고 햇는데 안되요
나,0,변태 왤캐많음
나,0,앱은 좋은데요 렉이 많이걸려용😥
나,0,일본과 라인 안됨
나,27,계속 사용 하였는데 로그인이 안 되어서 핸드폰 인증 후 이메일 로그인을 할려고 하는데 키보드 입력시 아이디가 계속 반복해서 나타 납니다 다른 어플은 문제가 없는데 이 어플만 그렇네요 스크린샷만 있지만 확인 부탁드립니다
나,0,정말 통화할때 개같아요^^말을하면 몇초있다가 상대방에게 제가말한게 전달되더라고요^^
나,0,님들 카카오에 밀려서 뒤져갈때 살려준거 테그쓰던 사람들 아닌가 ㅋㅋ 제발 한심한 짓 그만하면 좋겠는더 ㅜ 물론 끝까지 똥꼬빠는 븅들 있겠지만 올챙이적 기억 못하지말고 적당히 하시길 ㅜ 무엇보다 이럴거면 라이트 만든건 왜 만든거노...? 인력낭비 지렸다....결국 카카오 옾챝만 올려기 하는 셈이지 뭐 🤷
나,0,영상통화를 하는데 왜 나는 보이는데 상대방이 안보이는거죠? 머가 문제인거죠?
나,1,역시 일본 거라 그런가 별로네요. 업데이트를 하면 할 수록 좋은 것들만 없애니;; 그냥 망하세요.
나,11,라인 캡쳐기능 잘 사용중이였는데 갑자기 알림도 없이 업데이트 되더니 캡쳐할때 파일명 수기로 변경해야하게 번거롭게 변경되었네요? 업데이트 원하지도 않았는데 멋대로 변경되는 건 너무 심각하네요
나,8,통화품질 개선 좀 부탁드립니다. 작년 말에 업데이트 이후로 통화 음량이 현저히 작습니다. 다른국가에서 사용하는 친구들은 문제 없는데 한국만 그런 건 같네요
나,0,몸으로 말해요가 사라져서 재미 없어요
나,10,왜알람이안옵니까! 돈만 받아쳐먹고
나,0,다운이 넘오래걸려용ㅠㅠ
나,10,"포인트 주세요, 고객센터에문의해도지들도모름,노답,답답해디짐 이모티콘 에러 선생님치면 안경끼고손가락하나세운흰머리할머니이모티콘뜸 그게선생님이에요?"
나,0,음란물을 공유합니다
나,39,라인 일시적으로 오류계속 뜬다고 해서 채팅도 안보내지고 친구 찾기도 안돼서 다시 깔고 로그인하려했더니 일시적으로 인증을 할 수 없다네요 이런 오류들이 왤캐 많은지 고쳐주세요 지금 라인 이용을 못하고 있어요
나,0,라인 가입을하려니 자꾸 비번을 입력하라고 뜹니다.
나,3,아...저는 리뷰를 하는분들과는 다르게 잘 쓰고있던 한 유저입니다. 그런데...메일이 안와요.ㄱ같은!!
나,0,facebook 로그인이 안됌
나,0,내 라인 계정 물어내 물어내라고 하....
나,29,정말 제일 소중한 한사람 용으로 쓰고있는데 메시지는 물론이고 전화통화 까지도 ..^^ 상대가 한참전에 걸어 주었는데 이 어플은 알림이 참 늦게 와주는 걸로도 모자라서 전화가 왔었다는 시간 조차도 틀리게 표시해서 알림띄우네용..... ^^ 정말 갓 어플입니다 ㅎ..^^ ....^^
나,0,아이디추가후 메세지 보냇는데 무반응.. 서버점검요청
나,1,로그인하는데 일시적은 문제가 발견됬다고 안되네요 이 문제점 빨리 해결해주세요
나,3,장난하냐 야벌....
나,17,"잘 사용하고 있는 사람인데요 영상통화, 음성통화가 끊겨요 와이파이 빵빵하고 데이터 빵빵한데 전화 상태가 안 좋아요 업데이트 되고 나서 더 심해졌어요 특히 영상통화가 많이 끊겨요 수정 부탁드립니다"
나,2,카톡에 있는 기능들도 여기 라인에 있었으면 좋겠네요 ex) 대화방에 #으로 검색할수 있는 기능이요
나,1,친구 추가랑 검색이 안돼요 제발 다시 돌아오세요;
나,0,카톡 처럼 옾쳇이 있으면 좋겠어요.
나,1,너무 안깔려요 고쳐주세요.._
나,0,이거 뭐냐 나 적은적 없는데
나,4,타임라인 해시태그 기능 살려줘요 당장
나,9,알림 문제 해결부탁 드립니다. 제일 중요한 기능이 안되면 어찌하라는건지요... 갈수록 엉망으로 되가네요
나,2,해시태그가 왜 안되는건가요?
나,2,태그 기능 잘 쓰고 있었는데 왜 없애요?
나,313,허허 다운그레이드 어떻게 하나요? 버튼들을 무작정 없앤다고해서 심플한게 아닙니다. 기능까지도 같이 없애버리면 대체 어쩌자는건지... 그리고 가끔 알림이 울리지 않습니다. 메세지가 와도 아무런 알림 없다가 앱 들어가면 그제서야 알림이 옵니다. 중요한 약속 메세지가 이미 몇시간전에 왔었는데 불구하고 알림이 울리지 않아 약속을 놓졌습니다. 알림이 그냥 오지 않는게 아니고 앱 접속하면 그때서야 도착합니다. 너무나도 치명적인 문제가 있는거 같은데 수정이 시급합니다.
나,26,업데이트 할 때마다 기능을 하나씩 없애는 게 무슨 의미가 있는지 잘 모르겠어요 복구할 생각도 없어보이는데 이거 그냥 유저들 다 떠나란 소리 아닌가 싶을 만큼 극단적이기도 하고 갑작스럽기도 하네요
나,1,음 왜 안열리지요???설치했는뎅 ㅠㅠ 안열려요ㅜㅜ
나,0,윤하나
나,1,로그아웃기능 어딧죠? 숨겨 놓으셧나 안보이네..
나,1,차라리 업뎃 하지 마세요 ㅠ 점점 더 불편해져요 ㅠㅠㅠ 제가 알던 예전의 라인이 아니네요
나,0,알림이와서 보면 내용이 없음. 라인에서 나갔다 들어오면 그때 보임. 전원 오프하고 다시켜도 같은 현상이 지속적임. 외국에서 메세지를 보내면 한참 뒤에야 알람이 옴. 예전보다 왜이리 질이 떨어질까요ㅠㅠ.전화음질은 좋습니다
나,2,해시태그 기능만 제발 좀 어떻게 해 주세요
나,3,인증기능이 일시적으로 사용할수없습니다 그럼 언제쯤 가능한가요?? 2주째. 접속이 안되네요 답답하네요
나,0,라인 서버 너무 튕기는데
나,6,해시태그 서비스 왜 중지하시는건가요? 많은 유저들이 가장 많이 사용하던 기능이 프로필 친구추가와 해시태그 기능이었는데 프로필 친구추가는 진작에 없어지고 이제 해시태그마저 사라지니 라인을 이용할 필요성을 못 느끼겠습니다. 미리 공지사항으로 알리지도 않고 어느 날 갑자기 기능이 사라져버리니 처음에는 오류인줄만 알았고 문의를 넣고 답변을 받은 뒤에는 황당하기만 했습니다. 기능을 없앨거라면 미리 사용자들에게 알리거나 시범적으로 실행을 하면서 유저들의 반응과 의견을 살피는 것이 먼저 아닌가요? 라인에서는 유저들의 니즈를 제대로 파악하지 못하고 계신 거 같은데 혹시 한국에서 서비스를 종료할 생각으로 기능 하나 둘씩 없애시는건가요? 그렇지 않고서야 점점 퇴화되는 앱의 기능에 의문이 드는 동시에 사용하고 싶은 마음이 사라집니다. 이미 많은 유저들이 불편함을 느끼고 떠난 사람들이 많은데 무엇이 문제인지 신속히 유저들의 의견을 수렴해서 하루빨리 기능들 돌려놔주세요.
나,4,라인 망했어요 혹시~? ㅋㅋㅋㅋㅋㅋㅋㅋㅋㅋ
나,0,졷같네 설치도느리고 다신안씀
나,12,라인을 사용했던 이유는 친구추가 기능과 타임라인의 활성화가 편리해서였는데 다 막아버리시면 라인을 사용하는 이유가 사라져버려요 :( 다시 활성화 시켜주세요
나,1,아니 인증을 일시적으로 사용못한대요 ㅠ 몇일째 계속이러는데 여떻게해요?.
나,1,시간이 지날수록 점점 퇴화하는 거 같아요
나,0,뭐고 안돼노 뭐가 일시적으로 안됀다고만 그러네
나,1,작년쯤인가 친구신청이 사라진 후 기존 많은 유저가 화를 냈습니다. 왜 없어졌느냐 하면서요. 하지만 그래도 아이디가 있으니 태그를 타고 느낌을 달면 아이디로 찾아가는 방식으로 많은 유저가 그렇게 하곤 했죠. 또한 다른 앱 같은 경우에는 업데이트를 하면 할 수록 기능이 더더욱 좋아지는 반면. 라인은 가면 갈수록 안 좋아지는 길로 빠지고 있습니다. 솔직히 왜 이렇게 업데이트가 되는지도 모르겠으며 차라리 작년에 친구신청이 있었을 때로 돌아가면 좋겠어요. 개인적으로 8년동안 쓰는 사람으로서의 의견입니다. 이렇게 가다간 라인을 쓰는 유저가 줄고 다른 앱들을 사용하는 유저들이 많아지겠죠. 라인 업데이트로인해 많은 사람들이 불편을 겪게됐으니. 빠른 시일 내에 고쳐줬음 좋겠네요.
나,2,"저기,,, 라인 해시태그 기능 웨 안 되는 거죠.? 고쳐주세요ㅜㅜㅜ"
나,0,라인이 이제 변태들의 모임의 앱으로 바뀐거같아
나,1,인증기능을 사용할수 없다라고 나오는데 언제고칠건가요
나,16,타임리인의 친구들 스토리 내용을 클릭하면 창이 뜨고 스토리 내용에 글을 남길 수 있었는데 지금은 스토리내용창이 열리질 않네요. 스토리 내용을 확인 할 수도 없고 스토리에 메세지를 남길 수가 없네요
나,104,사용자와의 상호작용은 고사하고 독단적인 통보... 카카오는 새로운 기능을 만들기 전에 실험실으로 미리 체험하는 그런 거라도 하지 라인은 사용자를 뭐 고려하기는 하십니까? 국내에서는 판이 안 커지니까 뭐 서서히 망하게 하고 일본 사업에 몰두라도 하시게? 걍 섭종을 한다고 하세요 이런식으로 기만하지 말고
나,1,뻘짓하는사람이 많을거 같기도..
나,12,라인 회사 출근하기 싫어서 망하게 하려고 작전 짠 거 아닌 이상 다시 되돌려 놓으세요 친추기능까지도 안 바람 해시태그 되돌려 놓으셈
나,53,친구 신청 기능을 없앨 때부터 알아 봤어야 했는데 그래도 혹시 모르니까라는 기대감 때문에 접지 못 했습니다 그런데 이번에는 해시태그 기능을 없애버렸네요 태그로 인하여 궁금한 것도 검색해 볼 수 있고 한데 이제 그 태그가 없어졌으니 뭘 하라는 거예요? 업데이트를 하면 할 수록 점점 더 기능을 없애네요
나,11,제발 태그 기능 돌려주세요..수많은 사람들이 이 기능이 없어 불편함을 겪고 있습니다 이러다 라인 진짜 망해요...
나,41,음 라인판은 이제 사람이 하나 둘 떠나겠네요 거즘 해시태그 이용해서 지인 구하는 분들이 대부분인데 그걸 개선하여 더이상 못 쓰게 한다니 그거에 대해 전혀 생각을 못 하시는 건가 점점 기능들을 늘리더니 왜 편했던 건 싹 다 퇴화시키고 별 쓸모도 없는 것들만 늘리시는지 이해가 안 되네요
나,3,해시태그 왜 없애신 거예요? 공지도 없이? ㅋㅋㅋㅋㅋ 지인 다 사라지게 생겼네요 장난하는 것도 아니고 이제 사용 못 해요 이러면 끝인가요?
나,4,친신도 없애고 해시태그 검색 기능도 없애고... 필요하다는 데 왜 유저들 말 안 듣고 다 삭제 시키는 거죠? 별로네요;;
나,5,타임라인 해시태그 기능이 사라져서 불편함이 너무 커요
나,0,쓰레기같은어플 바로지운다 ㅅㄱ
나,3,해시태그 왜 막으셈??? 진짜 망하려고 작정을 했나 이제 라인에 돈 안 쓴다 내가 지금까지 30만원 썼는데 유저들 다 떠나갈 줄 알아라
나,0,QR로그인도 먹통이고 너무 불편하네요
나,3,아니 업데이트가 됐으면 좀 나아져야하는 거 아닌가요? 테그까지 막으시면 어쩌자는 건지 모르겠습니다. 잘 쓰고 있다가 왜 갑자기 테그를 막으시는 거죠? 이 점 고쳐주시길 바랍니다.
나,8,라인 유저 다 떠나가는 소리 들리네; 태그검색 내놔요 님들;;
나,4,작년 12월말경부터 갑자기 일시적으로 인증기능이라고 오류메세지가 뜹니다 어떻게 된건가요?? 신고당한거도 아닌데 무슨일인가요 답답합니다
나,41,Keep에 적어 놓은 거 또 날라갔네요 다시 원상태로 만들어 주세요 ;; 전에도 이랬는데 또 이러는 거 진짜 별로고요 친구 신청 기능 다시 만들어 주세요 진짜 너무 불편하거든요 다른 건 안 바람 근데 제 Keep에 적어 놓은 여러 링크들 제품들 다 날라가면 진심 라인 안 해요 이번에 태그는 왜 막으셨어요?
나,20,"별 한개짜리도 아까움 ㄹㅇ 아니 멀쩡한 해시태그는 갑자기 왜 막으시죠 ㅋㅋ 지금 라인 하는 사람들 다 삭제하고 라인 쓰지말라는건가요, 아니면 뭐하러 갑자기 막아요? 진짜 왜 갈수록 앱을 쓰레기로 만드는지 모르겠네. 생각 있으면 ㅈㅂ 친신이랑 태그 기능 다시 원상복구 해주세요."
나,2,태그 돌려주세요 태그 검색 안 되면 라인 다 안 하려고 할 텐데 공지도 없이 뭡니까
나,177,태그기능과 프로필 친구신청 기능을 살려주셨으면 합니다 몇 년간 라인을 이용해오면서 잘 이용하던 기능들이었는데 갑자기 사라지니 많이 혼란스럽습니다 라인이 활성화되기 위해서 이 두 개의 기능이 꼭 필요하다고 생각합니다 그런데 이 기능들이 사라지니 더 이상 라인을 이용할 가치가 없어진 것 같아 참 안타깝습니다 라인 이용자가 더 늘어나는 것을 원하신다면 지금 이용하고 있는 사람들의 목소리에 귀를 기울여주시고 빠른 피드백 부탁드리겠습니다
나,3,혹시 라인은 돈을 벌기 싫으신가요? 왜 자꾸 안 좋게 바꾸세요?
나,3,해시태그 다 어디갔냐
나,61,프로필 친구 추가 기능도 없애더니 이제는 태그까지 막아버리셨네요 그럼 라인 쓰는 의미가 있나요? 어떻게 업데이트를 거듭하면 할수록 퇴화를 하죠? 이 정도면 그냥 카톡으로 가라 수준이네요 이런 식으로 유저 편의를 줄이면 라인에게 무슨 득이 되나요? 태그 기능 다시 살려주세요
나,5,아니 태그 왜 없앤 거예요? 보통 사용하는 사람들 다 태그 이용하는데 다시 돌려 주세요 ;;
나,26,한 개도 솔직히 아까워요ㅋㅋㅋㅋㅋㅋ 태그는 왜 없애고 친추 기능은 왜 없애버렸는지 진지하게 묻고싶을 정도 하지 말라고 이용자들 떠나게 하려는 건가요?
나,26,"해시태그 검색 왜 안 되는 거쥬? 친구추가 버튼 없어진 것도 짜증,,, 라인 하기 싫어짐,,, 걍 라인 이용하지 말라고 자꾸 없애는 것 같음"
나,5,라인 태그는 왜 없애신 거죠 안 좋은 부분만 느네요
나,4,업데이트 그냥 하지 마세요 어쩜 할 때마다 이상해지는지 그냥 업뎃 안 하는게 나을 것 같네요
나,3,"별로에요. 일단 쓰는사람이 없고, 너무 카톡 표절한것 같아요 기술도 별로 없어요"
나,0,가입을 하려고 하면 인증번호를 일시적으로 받을 수 없다고 하는데 이게 어떻게 된거죠?
나,0,계속 2달째 깔았다 지워도 로그인이 안된다고 하네요 ......일시적인 뭐라뭐라 뜨면서 안되요...
나,1,계속이미있는 이메일이라고 대화복구가안되요 진짜인거...
나,0,인증번호 보냈습니다 이러는데 안와요 고처주세요!
나,0,아 왜 인증이 않된다구만뜨조 도대체 어쩌라는건지 좀 ...
나,2,저 라인 인증기능을 일시적으로 사용할 수 없습니다 라는 알림창이 뜨면서 로그인 할때 인증이 안돼요ㅠㅠ 어떻게 해결하나요??
나,0,아니 전화번호로 로그인하면 일시적으로 사용할수없다고 뜸...
나,0,휴대폰 재부팅하면 앱이 먹통이냐? 별 하나 주기도 아깝네
나,11,한달넘게안되는게 일시적인건가요??일시적인증이안된다는게 왜한달넘게안되나요??로그인도안되고 가입도안됩니다
나,1,친구 목록이 닫혀서 켜지는 쓰래기 매신저가 어딨습니까
나,0,설치가 안되농
나,0,너무 좋습니다. 근데 지우고 나서 잘 안 깔리네요ㅠ 좀 어떻게 해주셨으면 좋겠습니다. 잘 안 깔리네요.
나,0,담당자 없냐
나,3,몇칠 동안 메세지를 보냈는데..메세지가 가질 않는다구 나오고 다시 보내면 화살표만 나오고 있는데..무슨 이런 경우가 다 있나 모르겟어요
나,1,욕 밖에 안 나오네 진짜 너무 화가나네요 무슨 로그인을 하려는데 인증번호가 메일로 오질 않아서 비밀번호를 생각나는대로 입력했더니 많이해서 더이상 하지마^^이 난리떨면서 잠겨버리네요 로그인이 진짜 더럽고 치사해서 안 씁니다. 꼭 확인해야할게 있어서 계정을 써야하는데 비밀번호가 다 안 맞대서 바꾸려니 메일로 인증 번호가 오지도 않고. 아주 지 맘대롭니다 앱이 망할 진짜 이딴 페기물 쓰레기를 5억명이 다운했다니 본사에 토하고 싶네요.
나,0,메세지 보낸거나 본 메세지 확인되지 않는데 왜 그런건가요~~?
나,12,"몇일간 계속 로그인 시도시 ""인증기능을 일시적으로 사용할수없습니다"" 라고 나옴 전혀 사용할수 없음 매우 불편함"
나,0,아니 자고 일어났ㄴ느데도 설치가 안돼있냐꺄ㅑㅑㅑㅑㅑㅑㅑㅑㅑㅑ악ㄱㄱㄱㄱ
나,1,라인 지금 몇일째 인증이 안된다는데 좀 해결좀 해봐라 읽씹좀하지말고
나,0,왜 이리 시끄러운 것이냐
나,0,공창에서 벙어리됌 다른사람들 대화는 보이는대 모죠?
나,0,안깔리네요
나,29,"설치는 해도 쓰는사람이 없어요. 뭔가 예쁘다거나 펀한게 있는것도 아니고,통화연결해봤는데 음질도 질이낮아서 안써요. 스카이프음질 수준으로 높이지 않으면,한국에선 딱히 라인 쓸이유가 없어요."
나,52,아니 왜 로그인이안되나요 지금은 일시적인 인증이 안된다고만하네요 제발 고쳐주세요
나,2,다운이 잘안돼고 참..그렇고 전화거는데 안받아지네요. .
나,0,알람좀 제발 ㅡㅡ
나,0,라인너무업데이트만하네용
나,0,데이터 동기화중 66프로에서 멈춤 걍 깔지 말라는거?
나,26,메시지 알람이 안오거나 늦게와요 미치겠음 보낸지 3시간만에 왔어요. 어떤건 5분 걸리고.. 걸리는 시간은 랜덤인거같은데 잘쓰고있었는데 최악이네요ㅜㅜ
나,0,대화백업이 안됨
나,1,로그아웃 하는데 로그아웃도 안보이고 이게 뭐에요? 그리고 상대방이 대화가 안보인다고 하는데 왜 안보인다는거 간요?
나,0,쓰렉
나,0,아니왜 인증이 안되요 로그인도안되고
나,19,업데이트 하고 나서부터 메세지 도착 알람 안오는 문제발생. 메세지 왔다는 알람이 안온다고!!!!! 하루종일 창 들여다볼수도 없고. 알람이 안오는 메신저는 무슨소용이 있나. 안고쳐지면 라인접고 카톡만 할겁니다.
나,0,비번이 계속 오류가 난다고 합니다
나,0,비밀번호 찾기 메일 발송도 안되고 영 시원 찮음 오랜만에 하려고 했더니 비밀번호 몰라서 비밀번호 찾으려고 메일 발송 시켰더니 메일은 오지도 않음 최악임
나,0,메세지 보냈는데 읽기 왜 안뜨나요?
나,0,라인의 번역기능이 되지않습니다
나,0,인증기능을 일시적으로 사용할 수 없습니다 잠시만 기다려주세요 라고하길래 지금 몇시간째 기다리고 다시해봐도 안되네요😡
나,0,알림 똑바로처리안하냐
나,0,자주 먹통됨. 개선필요.
나,0,하아 읽음이라고 뜨지도 안고 뭐가 어떻게 되는거? 답도 안하고 메세지로 하면 말하고 이건 그쪽이 잘 못해서 겠죠?
나,0,아니 제가 친구한태 라인을 보냈는데 그친구한태는 저의 답이 안보인데요
나,0,기기변경후에 선물받은 스티커 다 사라졌어요!! 복구시켜주세요
나,0,다운 받을라 했는데 다운 자체가 안됌
나,8,Q9으로 폰을 바꾸고부터 알람이 랜덤이네요 울리다 말다..답을 기다리는 상황에 다른일하다보면 톡은 와있는데 알림표시가 없는 경우가 너무많네요
나,2,업데이트 후 상대방이 제 목소리가 들리지않는다고 합니다. 혹시몰라서 음성녹음도 해봤는데 되지않아요
나,2,메시지 알람 기능 개선이 정말 시급함 업뎃할수록 기존 기능들이 퇴화되고 있다는 것을 느낌
나,0,안 깔리네요 🙁
나,0,업데이트 후 영통에서 소리가 넘 작게 들리고 전달됩니다.
나,0,메세지 전송이 갑자기 안되요
나,1,자꾸 알림이 안떠요 ㅜ ㅜ 메세지를 못받는건지 ㅜ 한참 뒤에 톡 와있고 하네요 ㅜ 어케해야해요?
나,0,영상통화가안되요
나,4,얼마전부터 음성통화시 소리를 다 줄여도 엄청 커요.. 제일작게 설정하고 귀에서 떼고 들어도 옆사람한테 다 들릴정도예요
나,0,"제 친구 동생이 저랑 그 친구랑 같이 라인을 하고싶어서,가입을 하려고했는데 분명설치전 구글스토어에서는 만 3세 이상이라더니 왜 가입하려니깐 만 14세 이상만 들어가지나요?(참고로 그친구 동생 올해 초등4학년입니다.)이것좀 고쳐주세요.차라리 이 구글스토어에서 14세 이상만 할수있다고 먼저 써노으시던지요."
나,0,친구 추가 계속 오류 뜨는데 왜 그런건가요?
나,1,그냥 혼자 읽음이 안떠서 삭제했다 다시로그인 하면 로그인도안되고 인증도안되고 그냥 답이 없는앱이네요
나,0,よくない
나,1,상대가 메시지가 안보인대요 빨리 고쳐주세여
